{
  "metadata": {
    "title": "Israeli Major Settlements - Geographic Data",
    "description": "Comprehensive list of major Israeli cities and settlements with coordinates",
    "total_settlements": 75,
    "data_sources": [
      "Israeli Central Bureau of Statistics",
      "OpenStreetMap",
      "GeoNames Database"
    ],
    "coordinate_system": "WGS84 (EPSG:4326)",
    "last_updated": "2025-02-04"
  },
  "settlements": [
    {
      "id": 1,
      "name": "ירושלים",
      "name_en": "Jerusalem",
      "lat": 31.7683,
      "lng": 35.2137,
      "population": 936000,
      "district": "ירושלים",
      "district_en": "Jerusalem",
      "type": "city"
    },
    {
      "id": 2,
      "name": "תל אביב-יפו",
      "name_en": "Tel Aviv-Yafo",
      "lat": 32.0853,
      "lng": 34.7818,
      "population": 460000,
      "district": "תל אביב",
      "district_en": "Tel Aviv",
      "type": "city"
    },
    {
      "id": 3,
      "name": "חיפה",
      "name_en": "Haifa",
      "lat": 32.7940,
      "lng": 34.9896,
      "population": 285000,
      "district": "חיפה",
      "district_en": "Haifa",
      "type": "city"
    },
    {
      "id": 4,
      "name": "ראשון לציון",
      "name_en": "Rishon LeZion",
      "lat": 31.9730,
      "lng": 34.7925,
      "population": 254000,
      "district": "מרכז",
      "district_en": "Center",
      "type": "city"
    },
    {
      "id": 5,
      "name": "פתח תקווה",
      "name_en": "Petah Tikva",
      "lat": 32.0871,
      "lng": 34.8872,
      "population": 247000,
      "district": "מרכז",
      "district_en": "Center",
      "type": "city"
    },
    {
      "id": 6,
      "name": "אשדוד",
      "name_en": "Ashdod",
      "lat": 31.8044,
      "lng": 34.6553,
      "population": 225000,
      "district": "דרום",
      "district_en": "South",
      "type": "city"
    },
    {
      "id": 7,
      "name": "נתניה",
      "name_en": "Netanya",
      "lat": 32.3215,
      "lng": 34.8532,
      "population": 221000,
      "district": "מרכז",
      "district_en": "Center",
      "type": "city"
    },
    {
      "id": 8,
      "name": "באר שבע",
      "name_en": "Be'er Sheva",
      "lat": 31.2518,
      "lng": 34.7913,
      "population": 209000,
      "district": "דרום",
      "district_en": "South",
      "type": "city"
    },
    {
      "id": 9,
      "name": "בני ברק",
      "name_en": "Bnei Brak",
      "lat": 32.0809,
      "lng": 34.8338,
      "population": 204000,
      "district": "תל אביב",
      "district_en": "Tel Aviv",
      "type": "city"
    },
    {
      "id": 10,
      "name": "חולון",
      "name_en": "Holon",
      "lat": 32.0117,
      "lng": 34.7756,
      "population": 196000,
      "district": "תל אביב",
      "district_en": "Tel Aviv",
      "type": "city"
    },
    {
      "id": 11,
      "name": "רמת גן",
      "name_en": "Ramat Gan",
      "lat": 32.0719,
      "lng": 34.8237,
      "population": 163000,
      "district": "תל אביב",
      "district_en": "Tel Aviv",
      "type": "city"
    },
    {
      "id": 12,
      "name": "אשקלון",
      "name_en": "Ashkelon",
      "lat": 31.6688,
      "lng": 34.5742,
      "population": 144000,
      "district": "דרום",
      "district_en": "South",
      "type": "city"
    },
    {
      "id": 13,
      "name": "רחובות",
      "name_en": "Rehovot",
      "lat": 31.8969,
      "lng": 34.8186,
      "population": 143000,
      "district": "מרכז",
      "district_en": "Center",
      "type": "city"
    },
    {
      "id": 14,
      "name": "בת ים",
      "name_en": "Bat Yam",
      "lat": 32.0193,
      "lng": 34.7506,
      "population": 129000,
      "district": "תל אביב",
      "district_en": "Tel Aviv",
      "type": "city"
    },
    {
      "id": 15,
      "name": "כפר סבא",
      "name_en": "Kfar Saba",
      "lat": 32.1763,
      "lng": 34.9076,
      "population": 101000,
      "district": "מרכז",
      "district_en": "Center",
      "type": "city"
    },
    {
      "id": 16,
      "name": "הרצליה",
      "name_en": "Herzliya",
      "lat": 32.1656,
      "lng": 34.8433,
      "population": 97000,
      "district": "תל אביב",
      "district_en": "Tel Aviv",
      "type": "city"
    },
    {
      "id": 17,
      "name": "חדרה",
      "name_en": "Hadera",
      "lat": 32.4344,
      "lng": 34.9181,
      "population": 97000,
      "district": "חיפה",
      "district_en": "Haifa",
      "type": "city"
    },
    {
      "id": 18,
      "name": "מודיעין-מכבים-רעות",
      "name_en": "Modi'in-Maccabim-Re'ut",
      "lat": 31.8970,
      "lng": 35.0106,
      "population": 93000,
      "district": "מרכז",
      "district_en": "Center",
      "type": "city"
    },
    {
      "id": 19,
      "name": "נצרת",
      "name_en": "Nazareth",
      "lat": 32.7000,
      "lng": 35.2961,
      "population": 77000,
      "district": "צפון",
      "district_en": "North",
      "type": "city"
    },
    {
      "id": 20,
      "name": "רעננה",
      "name_en": "Ra'anana",
      "lat": 32.1847,
      "lng": 34.8710,
      "population": 75000,
      "district": "מרכז",
      "district_en": "Center",
      "type": "city"
    },
    {
      "id": 21,
      "name": "לוד",
      "name_en": "Lod",
      "lat": 31.9514,
      "lng": 34.8903,
      "population": 77000,
      "district": "מרכז",
      "district_en": "Center",
      "type": "city"
    },
    {
      "id": 22,
      "name": "רמלה",
      "name_en": "Ramla",
      "lat": 31.9290,
      "lng": 34.8625,
      "population": 76000,
      "district": "מרכז",
      "district_en": "Center",
      "type": "city"
    },
    {
      "id": 23,
      "name": "קריית אתא",
      "name_en": "Kiryat Ata",
      "lat": 32.8039,
      "lng": 35.1033,
      "population": 60000,
      "district": "חיפה",
      "district_en": "Haifa",
      "type": "city"
    },
    {
      "id": 24,
      "name": "נהריה",
      "name_en": "Nahariya",
      "lat": 33.0058,
      "lng": 35.0944,
      "population": 57000,
      "district": "צפון",
      "district_en": "North",
      "type": "city"
    },
    {
      "id": 25,
      "name": "באקה אל-גרביה",
      "name_en": "Baqa al-Gharbiyye",
      "lat": 32.4122,
      "lng": 35.0433,
      "population": 32000,
      "district": "חיפה",
      "district_en": "Haifa",
      "type": "city"
    },
    {
      "id": 26,
      "name": "אור יהודה",
      "name_en": "Or Yehuda",
      "lat": 32.0281,
      "lng": 34.8578,
      "population": 36000,
      "district": "תל אביב",
      "district_en": "Tel Aviv",
      "type": "city"
    },
    {
      "id": 27,
      "name": "גבעתיים",
      "name_en": "Givatayim",
      "lat": 32.0697,
      "lng": 34.8119,
      "population": 61000,
      "district": "תל אביב",
      "district_en": "Tel Aviv",
      "type": "city"
    },
    {
      "id": 28,
      "name": "קריית גת",
      "name_en": "Kiryat Gat",
      "lat": 31.6100,
      "lng": 34.7642,
      "population": 58000,
      "district": "דרום",
      "district_en": "South",
      "type": "city"
    },
    {
      "id": 29,
      "name": "עפולה",
      "name_en": "Afula",
      "lat": 32.6078,
      "lng": 35.2897,
      "population": 53000,
      "district": "צפון",
      "district_en": "North",
      "type": "city"
    },
    {
      "id": 30,
      "name": "אילת",
      "name_en": "Eilat",
      "lat": 29.5577,
      "lng": 34.9519,
      "population": 52000,
      "district": "דרום",
      "district_en": "South",
      "type": "city"
    },
    {
      "id": 31,
      "name": "ראש העין",
      "name_en": "Rosh HaAyin",
      "lat": 32.0950,
      "lng": 34.9586,
      "population": 68000,
      "district": "מרכז",
      "district_en": "Center",
      "type": "city"
    },
    {
      "id": 32,
      "name": "קריית מוצקין",
      "name_en": "Kiryat Motzkin",
      "lat": 32.8372,
      "lng": 35.0753,
      "population": 40000,
      "district": "חיפה",
      "district_en": "Haifa",
      "type": "city"
    },
    {
      "id": 33,
      "name": "טבריה",
      "name_en": "Tiberias",
      "lat": 32.7922,
      "lng": 35.5361,
      "population": 46000,
      "district": "צפון",
      "district_en": "North",
      "type": "city"
    },
    {
      "id": 34,
      "name": "אום אל-פחם",
      "name_en": "Umm al-Fahm",
      "lat": 32.5186,
      "lng": 35.1522,
      "population": 56000,
      "district": "חיפה",
      "district_en": "Haifa",
      "type": "city"
    },
    {
      "id": 35,
      "name": "קריית ים",
      "name_en": "Kiryat Yam",
      "lat": 32.8456,
      "lng": 35.0642,
      "population": 40000,
      "district": "חיפה",
      "district_en": "Haifa",
      "type": "city"
    },
    {
      "id": 36,
      "name": "קריית ביאליק",
      "name_en": "Kiryat Bialik",
      "lat": 32.8278,
      "lng": 35.0886,
      "population": 40000,
      "district": "חיפה",
      "district_en": "Haifa",
      "type": "city"
    },
    {
      "id": 37,
      "name": "כרמיאל",
      "name_en": "Carmiel",
      "lat": 32.9181,
      "lng": 35.2956,
      "population": 46000,
      "district": "צפון",
      "district_en": "North",
      "type": "city"
    },
    {
      "id": 38,
      "name": "יבנה",
      "name_en": "Yavne",
      "lat": 31.8781,
      "lng": 34.7414,
      "population": 48000,
      "district": "מרכז",
      "district_en": "Center",
      "type": "city"
    },
    {
      "id": 39,
      "name": "הוד השרון",
      "name_en": "Hod HaSharon",
      "lat": 32.1514,
      "lng": 34.8889,
      "population": 65000,
      "district": "מרכז",
      "district_en": "Center",
      "type": "city"
    },
    {
      "id": 40,
      "name": "נס ציונה",
      "name_en": "Ness Ziona",
      "lat": 31.9306,
      "lng": 34.7989,
      "population": 51000,
      "district": "מרכז",
      "district_en": "Center",
      "type": "city"
    },
    {
      "id": 41,
      "name": "טייבה",
      "name_en": "Tayibe",
      "lat": 32.2667,
      "lng": 35.0056,
      "population": 42000,
      "district": "מרכז",
      "district_en": "Center",
      "type": "city"
    },
    {
      "id": 42,
      "name": "קריית שמונה",
      "name_en": "Kiryat Shmona",
      "lat": 33.2075,
      "lng": 35.5697,
      "population": 24000,
      "district": "צפון",
      "district_en": "North",
      "type": "city"
    },
    {
      "id": 43,
      "name": "דימונה",
      "name_en": "Dimona",
      "lat": 31.0686,
      "lng": 35.0292,
      "population": 34000,
      "district": "דרום",
      "district_en": "South",
      "type": "city"
    },
    {
      "id": 44,
      "name": "טירת כרמל",
      "name_en": "Tirat Carmel",
      "lat": 32.7594,
      "lng": 34.9714,
      "population": 23000,
      "district": "חיפה",
      "district_en": "Haifa",
      "type": "city"
    },
    {
      "id": 45,
      "name": "צפת",
      "name_en": "Safed",
      "lat": 32.9658,
      "lng": 35.4983,
      "population": 36000,
      "district": "צפון",
      "district_en": "North",
      "type": "city"
    },
    {
      "id": 46,
      "name": "אריאל",
      "name_en": "Ariel",
      "lat": 32.1053,
      "lng": 35.1825,
      "population": 20000,
      "district": "יהודה ושומרון",
      "district_en": "Judea and Samaria",
      "type": "city"
    },
    {
      "id": 47,
      "name": "שדרות",
      "name_en": "Sderot",
      "lat": 31.5244,
      "lng": 34.5961,
      "population": 27000,
      "district": "דרום",
      "district_en": "South",
      "type": "city"
    },
    {
      "id": 48,
      "name": "נתיבות",
      "name_en": "Netivot",
      "lat": 31.4194,
      "lng": 34.5964,
      "population": 36000,
      "district": "דרום",
      "district_en": "South",
      "type": "city"
    },
    {
      "id": 49,
      "name": "אור עקיבא",
      "name_en": "Or Akiva",
      "lat": 32.5069,
      "lng": 34.9211,
      "population": 21000,
      "district": "חיפה",
      "district_en": "Haifa",
      "type": "city"
    },
    {
      "id": 50,
      "name": "קלנסווה",
      "name_en": "Qalansawe",
      "lat": 32.2817,
      "lng": 34.9833,
      "population": 23000,
      "district": "מרכז",
      "district_en": "Center",
      "type": "city"
    },
    {
      "id": 51,
      "name": "בית שמש",
      "name_en": "Beit Shemesh",
      "lat": 31.7528,
      "lng": 34.9892,
      "population": 124000,
      "district": "ירושלים",
      "district_en": "Jerusalem",
      "type": "city"
    },
    {
      "id": 52,
      "name": "אלעד",
      "name_en": "Elad",
      "lat": 32.0514,
      "lng": 34.9514,
      "population": 53000,
      "district": "מרכז",
      "district_en": "Center",
      "type": "city"
    },
    {
      "id": 53,
      "name": "מעלה אדומים",
      "name_en": "Ma'ale Adumim",
      "lat": 31.7769,
      "lng": 35.2978,
      "population": 38000,
      "district": "יהודה ושומרון",
      "district_en": "Judea and Samaria",
      "type": "city"
    },
    {
      "id": 54,
      "name": "מגדל העמק",
      "name_en": "Migdal HaEmek",
      "lat": 32.6731,
      "lng": 35.2372,
      "population": 25000,
      "district": "צפון",
      "district_en": "North",
      "type": "city"
    },
    {
      "id": 55,
      "name": "סח'נין",
      "name_en": "Sakhnin",
      "lat": 32.8650,
      "lng": 35.2969,
      "population": 32000,
      "district": "צפון",
      "district_en": "North",
      "type": "city"
    },
    {
      "id": 56,
      "name": "שפרעם",
      "name_en": "Shfar'am",
      "lat": 32.8069,
      "lng": 35.1672,
      "population": 42000,
      "district": "צפון",
      "district_en": "North",
      "type": "city"
    },
    {
      "id": 57,
      "name": "יהוד-מונוסון",
      "name_en": "Yehud-Monosson",
      "lat": 32.0331,
      "lng": 34.8906,
      "population": 30000,
      "district": "מרכז",
      "district_en": "Center",
      "type": "city"
    },
    {
      "id": 58,
      "name": "עכו",
      "name_en": "Acre",
      "lat": 32.9275,
      "lng": 35.0833,
      "population": 49000,
      "district": "צפון",
      "district_en": "North",
      "type": "city"
    },
    {
      "id": 59,
      "name": "תמרה",
      "name_en": "Tamra",
      "lat": 32.8531,
      "lng": 35.1978,
      "population": 35000,
      "district": "צפון",
      "district_en": "North",
      "type": "city"
    },
    {
      "id": 60,
      "name": "ערד",
      "name_en": "Arad",
      "lat": 31.2594,
      "lng": 35.2128,
      "population": 27000,
      "district": "דרום",
      "district_en": "South",
      "type": "city"
    },
    {
      "id": 61,
      "name": "קריית מלאכי",
      "name_en": "Kiryat Malakhi",
      "lat": 31.7294,
      "lng": 34.7472,
      "population": 23000,
      "district": "דרום",
      "district_en": "South",
      "type": "city"
    },
    {
      "id": 62,
      "name": "בית שאן",
      "name_en": "Beit She'an",
      "lat": 32.4969,
      "lng": 35.4992,
      "population": 19000,
      "district": "צפון",
      "district_en": "North",
      "type": "city"
    },
    {
      "id": 63,
      "name": "קצרין",
      "name_en": "Katzrin",
      "lat": 32.9933,
      "lng": 35.6958,
      "population": 7000,
      "district": "צפון",
      "district_en": "North",
      "type": "city"
    },
    {
      "id": 64,
      "name": "כפר יונה",
      "name_en": "Kfar Yona",
      "lat": 32.3167,
      "lng": 34.9333,
      "population": 21000,
      "district": "מרכז",
      "district_en": "Center",
      "type": "city"
    },
    {
      "id": 65,
      "name": "רהט",
      "name_en": "Rahat",
      "lat": 31.3911,
      "lng": 34.7544,
      "population": 72000,
      "district": "דרום",
      "district_en": "South",
      "type": "city"
    },
    {
      "id": 66,
      "name": "טירה",
      "name_en": "Tira",
      "lat": 32.2333,
      "lng": 34.9500,
      "population": 27000,
      "district": "מרכז",
      "district_en": "Center",
      "type": "city"
    },
    {
      "id": 67,
      "name": "כפר קאסם",
      "name_en": "Kafr Qasim",
      "lat": 32.1133,
      "lng": 34.9756,
      "population": 24000,
      "district": "מרכז",
      "district_en": "Center",
      "type": "city"
    },
    {
      "id": 68,
      "name": "קריית אונו",
      "name_en": "Kiryat Ono",
      "lat": 32.0561,
      "lng": 34.8550,
      "population": 37000,
      "district": "תל אביב",
      "district_en": "Tel Aviv",
      "type": "city"
    },
    {
      "id": 69,
      "name": "יקנעם עילית",
      "name_en": "Yokneam Illit",
      "lat": 32.6594,
      "lng": 35.1089,
      "population": 23000,
      "district": "צפון",
      "district_en": "North",
      "type": "city"
    },
    {
      "id": 70,
      "name": "קדימה-צורן",
      "name_en": "Kadima-Zoran",
      "lat": 32.2836,
      "lng": 34.9097,
      "population": 26000,
      "district": "מרכז",
      "district_en": "Center",
      "type": "city"
    },
    {
      "id": 71,
      "name": "נוף הגליל",
      "name_en": "Nof HaGalil",
      "lat": 32.7042,
      "lng": 35.3244,
      "population": 42000,
      "district": "צפון",
      "district_en": "North",
      "type": "city"
    },
    {
      "id": 72,
      "name": "גן יבנה",
      "name_en": "Gan Yavne",
      "lat": 31.7883,
      "lng": 34.7078,
      "population": 24000,
      "district": "מרכז",
      "district_en": "Center",
      "type": "city"
    },
    {
      "id": 73,
      "name": "אופקים",
      "name_en": "Ofakim",
      "lat": 31.3178,
      "lng": 34.6192,
      "population": 29000,
      "district": "דרום",
      "district_en": "South",
      "type": "city"
    },
    {
      "id": 74,
      "name": "בני עיש",
      "name_en": "Bnei Ayish",
      "lat": 31.9244,
      "lng": 34.8481,
      "population": 8000,
      "district": "מרכז",
      "district_en": "Center",
      "type": "town"
    },
    {
      "id": 75,
      "name": "זכרון יעקב",
      "name_en": "Zichron Ya'akov",
      "lat": 32.5706,
      "lng": 34.9539,
      "population": 22000,
      "district": "חיפה",
      "district_en": "Haifa",
      "type": "city"
    }
  ]
}
